id,sku,item_name,item_category,brand,bottle_size_ml,unit_type,units_per_case,location_name,location_stock,location_cost_price,location_selling_price,location_mrp,global_cost_price,global_selling_price,global_mrp,global_stock,tax_rate,reorder_level,reorder_qty,cogs_account_code,income_account_code,inventory_account_code
49225a12-9859-4acf-9e02-7c2f19ed4fda,88-001,8848 Full,Vodka,8848 vodka,750,Bottle,12,Gokarna,3,2100,2250,2375,2100,2250,2375,3,0,10,0,5100,4100,1200
49225a12-9859-4acf-9e02-7c2f19ed4fda,88-001,8848 Full,Vodka,8848 vodka,750,Bottle,12,House,0,2100,2730,2375,2100,2250,2375,3,0,10,0,5100,4100,1200
66e8bb29-94f3-4cd7-ac67-14ada9da1c4c,88-002,8848 Qtr,Vodka,8848 vodka,180,Bottle,12,Gokarna,6,525,570,525,525,570,525,6,0,10,10,5100,4100,1200
66e8bb29-94f3-4cd7-ac67-14ada9da1c4c,88-002,8848 Qtr,Vodka,8848 vodka,180,Bottle,12,House,0,525,605,525,525,570,525,6,0,10,10,5100,4100,1200
84f1e8aa-26c2-4228-844c-ff33746ad52b,AB-001,Absolute Vodka 1 ltr,Vodka,Absolute,1000,PCS,12,Gokarna,1,5983,6600,6650,5983,6600,6650,1,0,10,24,5100,4100,1200
84f1e8aa-26c2-4228-844c-ff33746ad52b,AB-001,Absolute Vodka 1 ltr,Vodka,Absolute,1000,PCS,12,House,0,5983,7645,6650,5983,6600,6650,1,0,10,24,5100,4100,1200
12791f5d-6176-48a3-88d5-1a059307244c,AR-001,Arna Eight 330,Beer,Arna,330,Bottle,24,Gokarna,0,153.13,170,180,153.13,170,180,0,0,10,12,5100,4100,1200
12791f5d-6176-48a3-88d5-1a059307244c,AR-001,Arna Eight 330,Beer,Arna,330,Bottle,24,House,0,153.13,205,180,153.13,170,180,0,0,10,12,5100,4100,1200
f78c3fcb-7c77-4c35-a371-72075d6f61e5,AR-002,Arna Eight 650,Beer,Arna,650,Bottle,12,Gokarna,25,300,330,340,300,330,340,25,0,10,12,5100,4100,1200
f78c3fcb-7c77-4c35-a371-72075d6f61e5,AR-002,Arna Eight 650,Beer,Arna,650,Bottle,12,House,0,300,390,340,300,330,340,25,0,10,12,5100,4100,1200
919b9e31-52a2-48f9-8795-533b0a081663,AR-003,Arna Eight Can,Beer,Arna,500,Bottle,12,Gokarna,20,231.25,270,270,231.25,270,270,20,0,10,12,5100,4100,1200
919b9e31-52a2-48f9-8795-533b0a081663,AR-003,Arna Eight Can,Beer,Arna,500,Bottle,12,House,0,231.25,310,270,231.25,270,270,20,0,10,12,5100,4100,1200
43005fe5-c19b-4630-bb41-62436e7e25c7,BA-001,Barahsinghe Pilsner 650 ml,Beer,Barasinghe,650,Bottle,12,Gokarna,0,356.25,390,390,356.25,390,390,0,0,10,0,5100,4100,1200
43005fe5-c19b-4630-bb41-62436e7e25c7,BA-001,Barahsinghe Pilsner 650 ml,Beer,Barasinghe,650,Bottle,12,House,0,356.25,450,390,356.25,390,390,0,0,10,0,5100,4100,1200
7cdc00cf-d814-4bf4-995b-f61180f604fd,BA-002,Baron Select,Whiskey,Baron,0,Bottle,12,Gokarna,0,263,290,290,263,290,290,0,0,10,0,5100,4100,1200
7cdc00cf-d814-4bf4-995b-f61180f604fd,BA-002,Baron Select,Whiskey,Baron,0,Bottle,12,House,0,263,335,290,263,290,290,0,0,10,0,5100,4100,1200
e88436f2-0460-408d-9494-190246334d27,BI-001,Big Master,Wine,Big master,750,PCS,12,Gokarna,16,625,750,750,625,750,750,16,0,10,0,5100,4100,1200
e88436f2-0460-408d-9494-190246334d27,BI-001,Big Master,Wine,Big master,750,PCS,12,House,0,625,860,750,625,750,750,16,0,10,0,5100,4100,1200
b62807df-8203-41ba-b8a2-76960555ea39,CA-001,Canvas box,Wine,Canvas,,Bottle,,Gokarna,0,2750,3300,3300,2750,0,3300,0,0,2,9,5100,4100,1200
b62807df-8203-41ba-b8a2-76960555ea39,CA-001,Canvas box,Wine,Canvas,,Bottle,,House,0,2750,3795,3300,2750,0,3300,0,0,2,9,5100,4100,1200
5599eb46-8e58-4bbc-957c-7bee386693b6,CA-002,Captain,Cigaratte,,0,PCS,20,Gokarna,325,8,10,10,8,10,10,325,0,60,200,5100,4100,1200
5599eb46-8e58-4bbc-957c-7bee386693b6,CA-002,Captain,Cigaratte,,0,PCS,20,House,0,8,10,10,8,10,10,325,0,60,200,5100,4100,1200
49963ff8-5d2d-4c0d-a531-f5048e644817,CA-003,Carlsberg 650,Beer,Carlsberg,650,Bottle,12,Gokarna,9,440,480,480,440,480,480,9,0,12,36,5100,4100,1200
49963ff8-5d2d-4c0d-a531-f5048e644817,CA-003,Carlsberg 650,Beer,Carlsberg,650,Bottle,12,House,0,440,550,480,440,480,480,9,0,12,36,5100,4100,1200
742c00bc-0e41-4714-a2ae-c873fa9a5ff9,CH-001,Chief Guest Red,Wine,Chief guest,0,Bottle,12,Gokarna,1,671,700,700,671,700,700,1,0,10,24,5100,4100,1200
742c00bc-0e41-4714-a2ae-c873fa9a5ff9,CH-001,Chief Guest Red,Wine,Chief guest,0,Bottle,12,House,0,671,805,700,671,700,700,1,0,10,24,5100,4100,1200
7515afaf-1b16-46c6-8b2b-c5e7bfcb9f11,CH-002,Chief Guest White,Wine,Chief guest,0,Bottle,12,Gokarna,1,671,750,750,671,750,750,1,0,10,24,5100,4100,1200
7515afaf-1b16-46c6-8b2b-c5e7bfcb9f11,CH-002,Chief Guest White,Wine,Chief guest,0,Bottle,12,House,0,671,860,750,671,750,750,1,0,10,24,5100,4100,1200
f497b9d6-6552-4a41-9b27-4c2fc43fece3,CH-003,Chivas Regal,Whiskey,Chivas,1000,PCS,12,Gokarna,1,6500,8000,8000,6500,8000,8000,1,0,1,1,5100,4100,1200
f497b9d6-6552-4a41-9b27-4c2fc43fece3,CH-003,Chivas Regal,Whiskey,Chivas,1000,PCS,12,House,0,6500,9200,8000,6500,8000,8000,1,0,1,1,5100,4100,1200
06a7cded-5f88-4574-9f02-e310f54f568f,CO-001,Coke 1 ltr,Soft Drinks,Coke,1000,Bottle,,Gokarna,0,135,162,162,135,0,162,0,0,2,9,5100,4100,1200
06a7cded-5f88-4574-9f02-e310f54f568f,CO-001,Coke 1 ltr,Soft Drinks,Coke,1000,Bottle,,House,0,135,185,162,135,0,162,0,0,2,9,5100,4100,1200
206202d3-8d4b-4821-9f9a-f7a8570b9957,CO-002,Coke 1.5 ltr,Soft Drinks,Coke,1500,Bottle,,Gokarna,0,185,222,222,185,0,222,0,0,2,9,5100,4100,1200
206202d3-8d4b-4821-9f9a-f7a8570b9957,CO-002,Coke 1.5 ltr,Soft Drinks,Coke,1500,Bottle,,House,0,185,255,222,185,0,222,0,0,2,9,5100,4100,1200
96a4afa3-9243-4f63-acd5-107aa08d6039,CO-003,Coke 2.25 ltr,Soft Drinks,Coke,0,PCS,12,Gokarna,0,240,250,300,240,250,300,0,0,2,9,5100,4100,1200
96a4afa3-9243-4f63-acd5-107aa08d6039,CO-003,Coke 2.25 ltr,Soft Drinks,Coke,0,PCS,12,House,0,240,345,300,240,250,300,0,0,2,9,5100,4100,1200
f2efc96d-487c-48b2-b00d-2b5dea038a76,CO-004,Coke 250 ml,Soft Drinks,Coke,0,PCS,12,Gokarna,0,43,50,60,43,50,60,0,0,5,24,5100,4100,1200
f2efc96d-487c-48b2-b00d-2b5dea038a76,CO-004,Coke 250 ml,Soft Drinks,Coke,0,PCS,12,House,0,43,70,60,43,50,60,0,0,5,24,5100,4100,1200
11966424-be83-4fb5-b7e1-57992e60e22c,CU-001,Current chips,Other,,1000,Bottle,,Gokarna,0,38,45.6,45.6,38,0,45.6,0,0,2,9,5100,4100,1200
11966424-be83-4fb5-b7e1-57992e60e22c,CU-001,Current chips,Other,,1000,Bottle,,House,0,38,50,45.6,38,0,45.6,0,0,2,9,5100,4100,1200
f92a8d34-f7a5-4349-94a5-f886ec590c39,DE-001,Dew 1 ltr,Soft Drinks,Dew,0,PCS,12,Gokarna,0,129.17,140,180,129.17,140,180,0,0,3,16,5100,4100,1200
f92a8d34-f7a5-4349-94a5-f886ec590c39,DE-001,Dew 1 ltr,Soft Drinks,Dew,0,PCS,12,House,0,129.17,205,180,129.17,140,180,0,0,3,16,5100,4100,1200
4bcc2264-5ffd-451c-b2f5-d82052704d40,DE-002,Dew 1.5 ltr,Soft Drinks,Dew,0,PCS,12,Gokarna,0,175,200,250,175,200,250,0,0,2,16,5100,4100,1200
4bcc2264-5ffd-451c-b2f5-d82052704d40,DE-002,Dew 1.5 ltr,Soft Drinks,Dew,0,PCS,12,House,0,175,290,250,175,200,250,0,0,2,16,5100,4100,1200
b1e6e633-3a08-42d9-8da2-fe6d7acdf463,DE-003,Dew 2.25 ltr,Soft Drinks,Dew,22500,PCS,12,Gokarna,0,240,270,270,240,270,270,0,0,2,9,5100,4100,1200
b1e6e633-3a08-42d9-8da2-fe6d7acdf463,DE-003,Dew 2.25 ltr,Soft Drinks,Dew,22500,PCS,12,House,0,240,310,270,240,270,270,0,0,2,9,5100,4100,1200
0c31b154-be18-4c14-a0c1-c88db30db2d1,DE-004,Dew 250 ml,Soft Drinks,Dew,250,PCS,12,Gokarna,0,45.83,50,60,45.83,50,60,0,0,5,24,5100,4100,1200
0c31b154-be18-4c14-a0c1-c88db30db2d1,DE-004,Dew 250 ml,Soft Drinks,Dew,250,PCS,12,House,0,45.83,70,60,45.83,50,60,0,0,5,24,5100,4100,1200
c98dbedd-9066-4662-8d06-bad8654cf438,DE-005,Dew 500 ml,Soft Drinks,Dew,0,PCS,12,Gokarna,0,81.25,90,120,81.25,90,120,0,0,5,24,5100,4100,1200
c98dbedd-9066-4662-8d06-bad8654cf438,DE-005,Dew 500 ml,Soft Drinks,Dew,0,PCS,12,House,0,81.25,140,120,81.25,90,120,0,0,5,24,5100,4100,1200
6b59f47f-75a8-4bd6-a4a8-5689dfcbafe1,DI-001,Divine,Wine,Divine,750,Bottle,12,Gokarna,7,650,750,750,650,750,750,7,0,10,0,5100,4100,1200
6b59f47f-75a8-4bd6-a4a8-5689dfcbafe1,DI-001,Divine,Wine,Divine,750,Bottle,12,House,0,650,860,750,650,750,750,7,0,10,0,5100,4100,1200
21ffbde0-c10c-4d8d-8286-c6c60410c547,DO-001,Dbl Black Label 1L,Whiskey,Double Black,1000,Bottle,,Gokarna,0,9246,11095.2,11095.2,9246,0,11095.2,0,0,2,9,5100,4100,1200
21ffbde0-c10c-4d8d-8286-c6c60410c547,DO-001,Dbl Black Label 1L,Whiskey,Double Black,1000,Bottle,,House,0,9246,12760,11095.2,9246,0,11095.2,0,0,2,9,5100,4100,1200
6495db84-108d-455f-841d-06fe0a239a12,FR-001,Frooti,Soft Drinks,,1000,Bottle,,Gokarna,0,17,20.4,20.4,17,0,20.4,0,0,2,9,5100,4100,1200
6495db84-108d-455f-841d-06fe0a239a12,FR-001,Frooti,Soft Drinks,,1000,Bottle,,House,0,17,25,20.4,17,0,20.4,0,0,2,9,5100,4100,1200
d552287e-c7e2-4b9f-83eb-223971845f00,GL-001,Glass,Other,,0,PCS,0,Gokarna,0,1.5,5,5,1.5,5,5,0,0,10,0,5100,4100,1200
d552287e-c7e2-4b9f-83eb-223971845f00,GL-001,Glass,Other,,0,PCS,0,House,0,1.5,5,5,1.5,5,5,0,0,10,0,5100,4100,1200
c9d5cd17-fb9a-47dc-a938-17e8fba12e9c,GO-001,Golden Oak Full,Whiskey,Golden Oak,750,Bottle,12,Gokarna,1,1100,1200,1200,1100,1200,1200,1,0,2,6,5100,4100,1200
c9d5cd17-fb9a-47dc-a938-17e8fba12e9c,GO-001,Golden Oak Full,Whiskey,Golden Oak,750,Bottle,12,House,0,1100,1380,1200,1100,1200,1200,1,0,2,6,5100,4100,1200
76fb4973-11fe-4476-8e02-3545531d4bf9,GO-002,Golden Oak Half,Whiskey,Golden Oak,375,Bottle,24,Gokarna,0,548,600,600,548,600,600,0,0,5,12,5100,4100,1200
76fb4973-11fe-4476-8e02-3545531d4bf9,GO-002,Golden Oak Half,Whiskey,Golden Oak,375,Bottle,24,House,0,548,690,600,548,600,600,0,0,5,12,5100,4100,1200
5e21fcfb-5077-4a22-97f3-574bda1923f6,GO-003,Golden Oak Qtr,Whiskey,Golden Oak,180,Bottle,48,Gokarna,21,275,300,300,275,300,300,21,0,10,48,5100,4100,1200
5e21fcfb-5077-4a22-97f3-574bda1923f6,GO-003,Golden Oak Qtr,Whiskey,Golden Oak,180,Bottle,48,House,0,275,345,300,275,300,300,21,0,10,48,5100,4100,1200
d16048f0-158c-40ee-9f4f-e52a209d7ee2,GO-004,Gorkha 330,Beer,Gorkha,330,Bottle,24,Gokarna,0,166.67,200,200,166.67,200,200,0,0,24,240,5100,4100,1200
d16048f0-158c-40ee-9f4f-e52a209d7ee2,GO-004,Gorkha 330,Beer,Gorkha,330,Bottle,24,House,0,166.67,230,200,166.67,200,200,0,0,24,240,5100,4100,1200
dd1ac436-ebca-4fa2-9407-44f158256b13,GO-005,Gorkha 650,Beer,Gorkha,650,Bottle,12,Gokarna,15,331.25,365,365,331.25,365,365,51,0,24,300,5100,4100,1200
dd1ac436-ebca-4fa2-9407-44f158256b13,GO-005,Gorkha 650,Beer,Gorkha,650,Bottle,12,House,36,331.25,420,365,331.25,365,365,51,0,24,300,5100,4100,1200
17d37cfe-9fd1-4dca-bc6d-af63fa236373,GO-006,Gorkha can,Beer,Gorkha,500,Bottle,12,Gokarna,35,245.83,275,275,245.83,275,275,35,0,12,60,5100,4100,1200
17d37cfe-9fd1-4dca-bc6d-af63fa236373,GO-006,Gorkha can,Beer,Gorkha,500,Bottle,12,House,0,245.83,315,275,245.83,275,275,35,0,12,60,5100,4100,1200
c0fd81ec-d2b1-4123-bfc2-13b0fc6ab663,GU-001,G & G Full,Whiskey,Gurkhas And Guns,750,Bottle,12,Gokarna,0,2625,2800,2800,2625,2800,2800,0,0,5,3,5100,4100,1200
c0fd81ec-d2b1-4123-bfc2-13b0fc6ab663,GU-001,G & G Full,Whiskey,Gurkhas And Guns,750,Bottle,12,House,0,2625,3220,2800,2625,2800,2800,0,0,5,3,5100,4100,1200
398e3b21-7b6d-42d6-93a7-3bde51197f8b,HA-001,Handyplast,Other,,0,PCS,12,Gokarna,0,4,5,5,4,5,5,0,0,10,0,5100,4100,1200
398e3b21-7b6d-42d6-93a7-3bde51197f8b,HA-001,Handyplast,Other,,0,PCS,12,House,0,4,5,5,4,5,5,0,0,10,0,5100,4100,1200
2f50885c-3771-49c0-b760-0a19c8f264d1,HA-002,Happydent,Other,,0,PCS,0,Gokarna,404,2.14,2.5,2.5,2.14,2.5,2.5,404,0,10,0,5100,4100,1200
2f50885c-3771-49c0-b760-0a19c8f264d1,HA-002,Happydent,Other,,0,PCS,0,House,0,2.14,5,2.5,2.14,2.5,2.5,404,0,10,0,5100,4100,1200
d20f5087-48f0-4ec3-950c-d7393884aed4,HI-001,Highlander Full,Vodka,Highlander,750,Bottle,12,Gokarna,3,1034,1160,1160,1034,1160,1160,3,0,10,0,5100,4100,1200
d20f5087-48f0-4ec3-950c-d7393884aed4,HI-001,Highlander Full,Vodka,Highlander,750,Bottle,12,House,0,1034,1335,1160,1034,1160,1160,3,0,10,0,5100,4100,1200
5018c912-57b9-49d5-9618-e9156f5150e5,HI-002,Highlander Half,Vodka,Highlander,375,Bottle,24,Gokarna,38,522.92,580,580,522.92,580,580,38,0,10,10,5100,4100,1200
5018c912-57b9-49d5-9618-e9156f5150e5,HI-002,Highlander Half,Vodka,Highlander,375,Bottle,24,House,0,522.92,665,580,522.92,580,580,38,0,10,10,5100,4100,1200
3f737cab-beef-4873-8d28-30f48bb20818,HI-003,Highlander Qtr,Vodka,Highlander,180,Bottle,48,Gokarna,80,261.46,300,300,261.46,300,300,80,0,10,15,5100,4100,1200
3f737cab-beef-4873-8d28-30f48bb20818,HI-003,Highlander Qtr,Vodka,Highlander,180,Bottle,48,House,0,261.46,345,300,261.46,300,300,80,0,10,15,5100,4100,1200
4376ce7f-e0ae-498d-849d-0f0b494d84a7,HU-001,Hukka Coil,Hukka,,0,PCS,12,Gokarna,30,50,100,100,50,100,100,30,0,10,5,5100,4100,1200
4376ce7f-e0ae-498d-849d-0f0b494d84a7,HU-001,Hukka Coil,Hukka,,0,PCS,12,House,0,50,115,100,50,100,100,30,0,10,5,5100,4100,1200
40fbbd89-07a1-47e1-a405-0895aaa937cb,HU-002,Hukka Flav Export qlty,Hukka,,0,PCS,12,Gokarna,35,200,270,270,200,270,270,35,0,10,5,5100,4100,1200
40fbbd89-07a1-47e1-a405-0895aaa937cb,HU-002,Hukka Flav Export qlty,Hukka,,0,PCS,12,House,0,200,310,270,200,270,270,35,0,10,5,5100,4100,1200
eae845d0-b1e2-4462-9868-29d0396bc787,HU-003,Hukka Flv Nrml,Hukka,,0,PCS,10,Gokarna,41,170,210,210,170,210,210,41,0,10,0,5100,4000,1200
eae845d0-b1e2-4462-9868-29d0396bc787,HU-003,Hukka Flv Nrml,Hukka,,0,PCS,10,House,0,170,240,210,170,210,210,41,0,10,0,5100,4000,1200
14d7df51-8595-4243-93bb-a9ce2c212940,HU-004,Hukka paper,Hukka,,0,PCS,12,Gokarna,109,2.5,5,5,2.5,5,5,109,0,10,10,5100,4100,1200
14d7df51-8595-4243-93bb-a9ce2c212940,HU-004,Hukka paper,Hukka,,0,PCS,12,House,0,2.5,5,5,2.5,5,5,109,0,10,10,5100,4100,1200
cb30eae7-fa42-4100-89f3-33da222fa8c8,JA-001,Jack Daniel's 1L,Other,JD,1000,Bottle,,Gokarna,0,6750,8100,8100,6750,0,8100,0,0,2,9,5100,4100,1200
cb30eae7-fa42-4100-89f3-33da222fa8c8,JA-001,Jack Daniel's 1L,Other,JD,1000,Bottle,,House,0,6750,9315,8100,6750,0,8100,0,0,2,9,5100,4100,1200
85dabd87-2e17-4fc1-8822-5837ae66021f,JA-002,Jar Water,Water,,2000,PCS,1,Gokarna,10,25,35,35,25,35,35,10,0,2,2,5100,4100,1200
85dabd87-2e17-4fc1-8822-5837ae66021f,JA-002,Jar Water,Water,,2000,PCS,1,House,0,25,40,35,25,35,35,10,0,2,2,5100,4100,1200
2149eeae-1056-4160-bf17-cb71cf454395,JP-001,JP chenet,Wine,French Wine,750,Bottle,12,Gokarna,3,1800,2200,2200,1800,2200,2200,3,0,0,0,5100,4100,1200
2149eeae-1056-4160-bf17-cb71cf454395,JP-001,JP chenet,Wine,French Wine,750,Bottle,12,House,0,1800,2530,2200,1800,2200,2200,3,0,0,0,5100,4100,1200
f51bffdf-4860-461e-ab42-cdfc4c941cb7,KH-001,Khukri Rum Full,Rum,Khukuri,750,Bottle,12,Gokarna,4,2000,2200,2200,2000,2200,2200,4,0,2,12,5100,4100,1200
f51bffdf-4860-461e-ab42-cdfc4c941cb7,KH-001,Khukri Rum Full,Rum,Khukuri,750,Bottle,12,House,0,2000,2530,2200,2000,2200,2200,4,0,2,12,5100,4100,1200
5784078a-3fad-484a-a81c-32a60784be4e,KH-002,Khukri Rum Half,Rum,Khukuri,375,Bottle,24,Gokarna,0,995.83,1100,1100,995.83,1100,1100,0,0,2,24,5100,4100,1200
5784078a-3fad-484a-a81c-32a60784be4e,KH-002,Khukri Rum Half,Rum,Khukuri,375,Bottle,24,House,0,995.83,1265,1100,995.83,1100,1100,0,0,2,24,5100,4100,1200
ea56a0a1-a21a-4661-89d1-c9fbe5e21884,KH-003,Khukri Rum Qtr,Rum,Khukuri,180,PCS,48,Gokarna,0,500,550,550,500,550,550,0,0,2,48,5100,4100,1200
ea56a0a1-a21a-4661-89d1-c9fbe5e21884,KH-003,Khukri Rum Qtr,Rum,Khukuri,180,PCS,48,House,0,500,630,550,500,550,550,0,0,2,48,5100,4100,1200
e6c62fab-60b4-411e-9c23-2a71e8c5c4a8,KI-001,Kings Hill Red,Wine,,750,Bottle,,Gokarna,0,756,907.2,907.2,756,0,907.2,0,0,2,9,5100,4100,1200
e6c62fab-60b4-411e-9c23-2a71e8c5c4a8,KI-001,Kings Hill Red,Wine,,750,Bottle,,House,0,756,1045,907.2,756,0,907.2,0,0,2,9,5100,4100,1200
6e362a0a-a8f2-4e9c-a490-50d52c583b12,KI-002,Kings Hill White,Wine,,750,Bottle,,Gokarna,0,756,907.2,907.2,756,0,907.2,0,0,2,9,5100,4100,1200
6e362a0a-a8f2-4e9c-a490-50d52c583b12,KI-002,Kings Hill White,Wine,,750,Bottle,,House,0,756,1045,907.2,756,0,907.2,0,0,2,9,5100,4100,1200
a9a48dd1-f4d8-4a88-a48d-5fc4a94faeb1,LA-001,Lays Sano,Other,,0,PCS,12,Gokarna,0,44,50,50,44,50,50,0,0,10,24,5100,4100,1200
a9a48dd1-f4d8-4a88-a48d-5fc4a94faeb1,LA-001,Lays Sano,Other,,0,PCS,12,House,0,44,55,50,44,50,50,0,0,10,24,5100,4100,1200
cab6a4ae-e151-4ce1-9f7c-f342f3d77c01,LA-002,Lays Thulo,Other,,0,PCS,12,Gokarna,0,70,80,100,70,80,100,0,0,10,24,5100,4100,1200
cab6a4ae-e151-4ce1-9f7c-f342f3d77c01,LA-002,Lays Thulo,Other,,0,PCS,12,House,0,70,115,100,70,80,100,0,0,10,24,5100,4100,1200
194d391f-08f9-452f-bbe3-0e91bd14860f,LI-001,Lighter,Other,,0,PCS,0,Gokarna,0,16.25,20,20,16.25,20,20,0,0,10,0,5100,4100,1200
194d391f-08f9-452f-bbe3-0e91bd14860f,LI-001,Lighter,Other,,0,PCS,0,House,0,16.25,25,20,16.25,20,20,0,0,10,0,5100,4100,1200
da007f07-7cfa-4c99-b90a-1afab623bb63,MA-001,Manang Valley,Wine,Manang,0,Bottle,12,Gokarna,11,808.33,950,950,808.33,950,950,11,0,10,24,5100,4100,1200
da007f07-7cfa-4c99-b90a-1afab623bb63,MA-001,Manang Valley,Wine,Manang,0,Bottle,12,House,0,808.33,1090,950,808.33,950,950,11,0,10,24,5100,4100,1200
305ddcc7-fe37-4d60-9f6d-ae92481d343c,MA-002,Manang  Small,Wine,Manang,0,Bottle,12,Gokarna,2,425,500,500,425,500,500,2,0,10,24,5100,4100,1200
305ddcc7-fe37-4d60-9f6d-ae92481d343c,MA-002,Manang Small,Wine,Manang,0,Bottle,12,House,0,425,575,500,425,500,500,2,0,10,24,5100,4100,1200
29576fa7-2a38-44c0-8827-76cb1e5ce2b4,MI-001,Mineral Water,Water,,0,PCS,12,Gokarna,15,11,20,20,11,20,20,15,0,10,2,5100,4100,1200
29576fa7-2a38-44c0-8827-76cb1e5ce2b4,MI-001,Mineral Water,Water,,0,PCS,12,House,0,11,25,20,11,20,20,15,0,10,2,5100,4100,1200
2f9197f7-228d-481c-8ae8-0bbbfc7f998d,MI-002,Misc Exp,Other,,0,Bottle,0,Gokarna,0,0,0,0,0,0,0,0,0,10,0,5100,4100,1200
2f9197f7-228d-481c-8ae8-0bbbfc7f998d,MI-002,Misc Exp,Other,,0,Bottle,0,House,0,0,0,0,0,0,0,0,0,10,0,5100,4100,1200
4bb831da-2e3d-4482-bd62-05df0c171742,MU-001,Mustang  Half,Whiskey,Mustang,375,Bottle,24,Gokarna,29,514.58,550,550,514.58,550,550,29,0,10,24,5100,4100,1200
4bb831da-2e3d-4482-bd62-05df0c171742,MU-001,Mustang  Half,Whiskey,Mustang,375,Bottle,24,House,0,514.58,630,550,514.58,550,550,29,0,10,24,5100,4100,1200
58704d38-49ac-4535-a4c2-344aa9acf53b,MU-002,Mustang Blk Full,Whiskey,Mustang,750,PCS,12,Gokarna,3,1200,1400,1400,1200,1400,1400,3,0,3,6,5100,4100,1200
58704d38-49ac-4535-a4c2-344aa9acf53b,MU-002,Mustang Blk Full,Whiskey,Mustang,750,PCS,12,House,0,1200,1610,1400,1200,1400,1400,3,0,3,6,5100,4100,1200
cc197d32-be40-4c35-aee8-b553af156838,MU-003,Mustang Blk Qtr,Whiskey,Mustang,180,PCS,48,Gokarna,11,300,340,340,300,340,340,11,0,10,24,5100,4100,1200
cc197d32-be40-4c35-aee8-b553af156838,MU-003,Mustang Blk Qtr,Whiskey,Mustang,180,PCS,48,House,0,300,390,340,300,340,340,11,0,10,24,5100,4100,1200
b6533a14-377b-4d29-8d77-fa4d2fe883ee,MU-004,Mustang Full,Whiskey,Mustang,750,Bottle,12,Gokarna,17,1029.17,1100,1100,1029.17,1100,1100,17,0,6,12,5100,4100,1200
b6533a14-377b-4d29-8d77-fa4d2fe883ee,MU-004,Mustang Full,Whiskey,Mustang,750,Bottle,12,House,0,1029.17,1265,1100,1029.17,1100,1100,17,0,6,12,5100,4100,1200
c3973817-9b13-4a7a-888c-ad920161c5ea,MU-005,Mustang Qtr,Whiskey,Mustang,180,Bottle,48,Gokarna,45,257.29,280,280,257.29,280,280,45,0,10,48,5100,4100,1200
c3973817-9b13-4a7a-888c-ad920161c5ea,MU-005,Mustang Qtr,Whiskey,Mustang,180,Bottle,48,House,0,257.29,320,280,257.29,280,280,45,0,10,48,5100,4100,1200
c1cac95d-404c-424f-8e9d-8d74198e7b9e,NE-001,Nepal Ice 330,Beer,Nepal Ice,330,Bottle,24,Gokarna,0,156.25,180,180,156.25,180,180,0,0,12,120,5100,4100,1200
c1cac95d-404c-424f-8e9d-8d74198e7b9e,NE-001,Nepal Ice 330,Beer,Nepal Ice,330,Bottle,24,House,0,156.25,205,180,156.25,180,180,0,0,12,120,5100,4100,1200
1a8166b8-3107-444c-9634-2f27df10e913,NE-002,Nepal Ice 650,Beer,Nepal Ice,650,PCS,12,Gokarna,51,306.25,340,340,306.25,340,340,51,0,12,60,5100,4100,1200
1a8166b8-3107-444c-9634-2f27df10e913,NE-002,Nepal Ice 650,Beer,Nepal Ice,650,PCS,12,House,0,306.25,390,340,306.25,340,340,51,0,12,60,5100,4100,1200
2ecdd9cf-3a70-4f85-9562-c3c9d9b1cbc5,OC-001,OCB,Cigaratte,,0,PCS,12,Gokarna,23,68.75,130,130,68.75,130,130,23,0,10,5,5100,4100,1200
2ecdd9cf-3a70-4f85-9562-c3c9d9b1cbc5,OC-001,OCB,Cigaratte,,0,PCS,12,House,0,68.75,150,130,68.75,130,130,23,0,10,5,5100,4100,1200
3d0e5228-5462-4ae9-b843-51b352361479,OD-001,OD 350 ml,Whiskey,Old Durbar,350,PCS,24,Gokarna,9,1341.75,1450,1450,1341.75,1450,1450,9,0,5,12,5100,4100,1200
3d0e5228-5462-4ae9-b843-51b352361479,OD-001,OD 350 ml,Whiskey,Old Durbar,350,PCS,24,House,0,1341.75,1665,1450,1341.75,1450,1450,9,0,5,12,5100,4100,1200
9e2df543-8630-4d81-b273-1cd77a32ae65,OD-002,OD Full,Whiskey,Old Durbar,750,Bottle,12,Gokarna,4,2683.5,2850,2850,2683.5,2850,2850,4,0,10,0,5100,4100,1200
9e2df543-8630-4d81-b273-1cd77a32ae65,OD-002,OD Full,Whiskey,Old Durbar,750,Bottle,12,House,0,2683.5,3275,2850,2683.5,2850,2850,4,0,10,0,5100,4100,1200
65a60e75-a453-4c11-bb40-99ef492b3dcb,OD-003,OD Qtr,Whiskey,Old Durbar,180,Bottle,48,Gokarna,13,670.88,725,725,670.88,725,725,13,0,5,48,5100,4100,1200
65a60e75-a453-4c11-bb40-99ef492b3dcb,OD-003,OD Qtr,Whiskey,Old Durbar,180,Bottle,48,House,0,670.88,835,725,670.88,725,725,13,0,5,48,5100,4100,1200
0481f181-7d31-4f6b-95d7-a8c3956acd0f,PL-001,Plastic Bags,Other,,0,Other,0,Gokarna,3,266.67,320.004,320.004,266.67,0,320.004,3,0,10,0,5100,4100,1200
0481f181-7d31-4f6b-95d7-a8c3956acd0f,PL-001,Plastic Bags,Other,,0,Other,0,House,0,266.67,370,320.004,266.67,0,320.004,3,0,10,0,5100,4100,1200
9f1a16fd-fda9-47ee-987a-b5771e6c7161,PL-002,Playing Cards,Other,,0,PCS,12,Gokarna,20,80,100,100,80,100,100,20,0,10,1,5100,4100,1200
9f1a16fd-fda9-47ee-987a-b5771e6c7161,PL-002,Playing Cards,Other,,0,PCS,12,House,0,80,115,100,80,100,100,20,0,10,1,5100,4100,1200
481d462a-260b-4980-894c-8830203991bf,PU-001,Purna Sano,Water,,0,PCS,12,Gokarna,17,15,20,20,15,20,20,17,0,10,0,5100,4100,1200
481d462a-260b-4980-894c-8830203991bf,PU-001,Purna Sano,Water,,0,PCS,12,House,0,15,25,20,15,20,20,17,0,10,0,5100,4100,1200
ad89a514-5135-47f2-8631-9cf2e56ff9a9,PU-002,Purna thulo,Water,,1000,PCS,12,Gokarna,0,24,40,40,24,40,40,0,0,10,24,5100,4100,1200
ad89a514-5135-47f2-8631-9cf2e56ff9a9,PU-002,Purna thulo,Water,,1000,PCS,12,House,0,24,45,40,24,40,40,0,0,10,24,5100,4100,1200
c101a46e-b532-482f-aa71-cb6ce07431d3,RE-001,Red Label 1000 ml,Whiskey,Johny Walker,1000,Bottle,12,Gokarna,1,5675,6400,6400,5675,6400,6400,1,0,1,2,5100,4100,1200
c101a46e-b532-482f-aa71-cb6ce07431d3,RE-001,Red Label 1000 ml,Whiskey,Johny Walker,1000,Bottle,12,House,0,5675,7360,6400,5675,6400,6400,1,0,1,2,5100,4100,1200
92eaee6a-2aad-47ec-949f-78cd44e8074b,RE-002,RedBull,Energy Drinks,RedBull,150,PCS,24,Gokarna,104,83.33,110,110,83.33,110,110,104,0,10,10,5100,4100,1200
92eaee6a-2aad-47ec-949f-78cd44e8074b,RE-002,RedBull,Energy Drinks,RedBull,150,PCS,24,House,0,83.33,125,110,83.33,110,110,104,0,10,10,5100,4100,1200
eaa83d6b-f225-4f6f-b9ef-c63fd82cc061,SA-001,Sagun,Local,Sagun,100,PCS,30,Gokarna,0,38.33,50,50,38.33,50,50,0,0,20,150,5100,4100,1200
eaa83d6b-f225-4f6f-b9ef-c63fd82cc061,SA-001,Sagun,Local,Sagun,100,PCS,30,House,0,38.33,55,50,38.33,50,50,0,0,20,150,5100,4100,1200
0a804177-2745-429a-b251-81d13c9215b5,SH-001,Shikher beer,Beer,Shikher beer,0,PCS,12,Gokarna,0,12.85,290,290,12.85,290,290,0,0,10,0,5100,4100,1200
0a804177-2745-429a-b251-81d13c9215b5,SH-001,Shikher beer,Beer,Shikher beer,0,PCS,12,House,0,12.85,335,290,12.85,290,290,0,0,10,0,5100,4100,1200
a48cf127-40e9-404e-a9ea-2814657da992,SH-002,Shikher Ice,Cigaratte,,0,PCS,20,Gokarna,354,13.05,15,15,13.05,15,15,354,0,60,200,5100,4100,1200
a48cf127-40e9-404e-a9ea-2814657da992,SH-002,Shikher Ice,Cigaratte,,0,PCS,20,House,0,13.05,15,15,13.05,15,15,354,0,60,200,5100,4100,1200
996248e3-1b15-4b68-ab39-eac57f3a71ea,SK-001,Sky Vokda 750 ML,Vodka,Sky,750,Bottle,12,Gokarna,1,1800,2050,2050,1800,2050,2050,1,0,10,24,5100,4100,1200
996248e3-1b15-4b68-ab39-eac57f3a71ea,SK-001,Sky Vokda 750 ML,Vodka,Sky,750,Bottle,12,House,0,1800,2360,2050,1800,2050,2050,1,0,10,24,5100,4100,1200
581f69c5-b0a8-4e0f-9d7d-43e9225a9b40,SO-001,Seol Soju,Local Wine,Seol Soju,300,PCS,30,Gokarna,122,135,170,170,135,170,170,122,0,10,10,5100,4100,1200
581f69c5-b0a8-4e0f-9d7d-43e9225a9b40,SO-001,Seol Soju,Local Wine,Seol Soju,300,PCS,30,House,0,135,195,170,135,170,170,122,0,10,10,5100,4100,1200
4643f5fb-f902-41df-a78d-6678ce29f009,SO-002,Somersby,Other,,0,Bottle,12,Gokarna,0,206.25,230,230,206.25,230,230,0,0,10,0,5100,4100,1200
4643f5fb-f902-41df-a78d-6678ce29f009,SO-002,Somersby,Other,,0,Bottle,12,House,0,206.25,265,230,206.25,230,230,0,0,10,0,5100,4100,1200
39a1355a-1284-4700-854e-4ca2d796aef2,SP-001,Sprite 1 ltr,Soft Drinks,Sprite,1000,Bottle,,Gokarna,0,0,0,0,0,0,0,0,0,2,9,5100,4100,1200
39a1355a-1284-4700-854e-4ca2d796aef2,SP-001,Sprite 1 ltr,Soft Drinks,Sprite,1000,Bottle,,House,0,0,0,0,0,0,0,0,0,2,9,5100,4100,1200
726740ce-e0a4-4eb3-a79e-906d2db0fbee,SP-002,Sprite 1.5 ltr,Soft Drinks,Sprite,1500,Bottle,,Gokarna,0,0,0,0,0,0,0,0,0,2,9,5100,4100,1200
726740ce-e0a4-4eb3-a79e-906d2db0fbee,SP-002,Sprite 1.5 ltr,Soft Drinks,Sprite,1500,Bottle,,House,0,0,0,0,0,0,0,0,0,2,9,5100,4100,1200
7c4cfa4d-3d7d-4ae6-bbbb-2844fdd455b4,SP-003,Sprite 2.25 ltr,Soft Drinks,Sprite,2250,PCS,12,Gokarna,0,240,250,250,240,250,250,0,0,2,9,5100,4100,1200
7c4cfa4d-3d7d-4ae6-bbbb-2844fdd455b4,SP-003,Sprite 2.25 ltr,Soft Drinks,Sprite,2250,PCS,12,House,0,240,290,250,240,250,250,0,0,2,9,5100,4100,1200
004897c6-8a0f-446c-acc1-81a8cc6ce89a,SP-004,Sprite 250 ml,Soft Drinks,Sprite,0,PCS,12,Gokarna,-1,43,50,50,43,50,50,-1,0,2,24,5100,4100,1200
004897c6-8a0f-446c-acc1-81a8cc6ce89a,SP-004,Sprite 250 ml,Soft Drinks,Sprite,0,PCS,12,House,0,43,55,50,43,50,50,-1,0,2,24,5100,4100,1200
86ebb97b-c3c7-46d0-9f1a-fe999dacda22,SU-001,Surya,Cigaratte,,0,PCS,20,Gokarna,55,16.1,20,20,16.1,20,20,55,0,60,200,5100,4100,1200
86ebb97b-c3c7-46d0-9f1a-fe999dacda22,SU-001,Surya,Cigaratte,,0,PCS,20,House,0,16.1,25,20,16.1,20,20,55,0,60,200,5100,4100,1200
6e666f14-9cce-40f2-9ffc-d80bf985dec9,TR-001,TRP - 3,Cigaratte,,0,PCS,12,Gokarna,45,10,20,20,10,20,20,45,0,10,5,5100,4100,1200
6e666f14-9cce-40f2-9ffc-d80bf985dec9,TR-001,TRP - 3,Cigaratte,,0,PCS,12,House,0,10,25,20,10,20,20,45,0,10,5,5100,4100,1200
c9feac44-4f86-4e7b-89dd-b197c6c165ef,TR-002,TRP Cone,Cigaratte,,0,PCS,12,Gokarna,49,12.5,25,25,12.5,25,25,49,0,10,5,5100,4100,1200
c9feac44-4f86-4e7b-89dd-b197c6c165ef,TR-002,TRP Cone,Cigaratte,,0,PCS,12,House,0,12.5,30,25,12.5,25,25,49,0,10,5,5100,4100,1200
9e894c3b-f0ab-40bb-8d13-17dc033754d6,TU-001,Tuborg 650,Beer,Tuborg,650,Bottle,12,Gokarna,15,385.42,440,440,385.42,440,440,15,0,12,120,5100,4100,1200
9e894c3b-f0ab-40bb-8d13-17dc033754d6,TU-001,Tuborg 650,Beer,Tuborg,650,Bottle,12,House,0,385.42,505,440,385.42,440,440,15,0,12,120,5100,4100,1200
d6a81088-0b74-4c44-938d-b14d5fbe5f7d,TU-002,Tuborg Can,Beer,Tuborg,0,Bottle,12,Gokarna,0,293.75,330,330,293.75,330,330,0,0,10,96,5100,4100,1200
d6a81088-0b74-4c44-938d-b14d5fbe5f7d,TU-002,Tuborg Can,Beer,Tuborg,0,Bottle,12,House,0,293.75,380,330,293.75,330,330,0,0,10,96,5100,4100,1200
173f47be-7b2c-43a7-9ba1-ea9bd4bb12a1,XT-001,Xtreme,Energy Drinks,,330,PCS,24,Gokarna,0,101.04,135,135,101.04,135,135,0,0,10,120,5100,4100,1200
173f47be-7b2c-43a7-9ba1-ea9bd4bb12a1,XT-001,Xtreme,Energy Drinks,,330,PCS,24,House,0,101.04,155,135,101.04,135,135,0,0,10,120,5100,4100,1200
